{
  "regressor": {
    "temp_roll_mean_60": 0.46872255206108093,
    "high_load_ratio_30": 0.21870778501033783,
    "temp_delta": 0.0776643380522728,
    "high_load": 0.07377922534942627,
    "exhaust_temp_pre": 0.04561649635434151,
    "trip_avg_speed": 0.021623220294713974,
    "idle_ratio_30": 0.020790819078683853,
    "is_regen": 0.017619401216506958,
    "temp_roll_mean_10": 0.015593602322041988,
    "engine_load": 0.01558415126055479,
    "exhaust_temp_post": 0.00638476712629199,
    "idle": 0.0058670975267887115,
    "speed": 0.0034669735468924046,
    "rpm": 0.003272135742008686,
    "flow_rate": 0.00281925848685205,
    "ambient_temp": 0.002488143974915147,
    "trip_duration_min": 0.0
  },
  "classifier": {
    "high_load_ratio_30": 0.7765439748764038,
    "exhaust_temp_pre": 0.08504035323858261,
    "high_load": 0.07951806485652924,
    "is_regen": 0.029267754405736923,
    "temp_roll_mean_60": 0.010400023311376572,
    "temp_roll_mean_10": 0.005614266265183687,
    "engine_load": 0.004687777254730463,
    "idle_ratio_30": 0.0020326676312834024,
    "trip_avg_speed": 0.0017708527157083154,
    "exhaust_temp_post": 0.0017148680053651333,
    "temp_delta": 0.0014771652640774846,
    "flow_rate": 0.0005746830720454454,
    "rpm": 0.0005361911025829613,
    "speed": 0.0004394138231873512,
    "ambient_temp": 0.00038192194188013673,
    "idle": 0.0,
    "trip_duration_min": 0.0
  }
}