{
  "version": "v3.0",
  "trained_at": "2026-04-16 12:45:51.778666",
  "random_forest": {
    "regression": {
      "mae": 0.5267133265378477,
      "r2": 0.1334771791284367
    },
    "classification": {
      "accuracy": 0.6930838477366256,
      "precision": 0.7048156921317635,
      "recall": 0.637356955560597,
      "f1": 0.6693910571651008
    }
  },
  "xgboost": {
    "regression": {
      "mae": 0.5244906544685364,
      "r2": 0.1394345760345459
    },
    "classification": {
      "accuracy": 0.6936059670781893,
      "precision": 0.7025608865005437,
      "recall": 0.644247358063512,
      "f1": 0.6721417051515636
    }
  },
  "selected_model": {
    "regressor": "xgboost",
    "classifier": "xgboost"
  },
  "final_test_performance": {
    "regression": {
      "mae": 0.5583219528198242,
      "r2": 0.15021038055419922
    },
    "classification": {
      "f1": 0.6674616761667509
    }
  },
  "feature_importance": {
    "regressor_top10": {
      "temp_roll_mean_60": 0.46872255206108093,
      "high_load_ratio_30": 0.21870778501033783,
      "temp_delta": 0.0776643380522728,
      "high_load": 0.07377922534942627,
      "exhaust_temp_pre": 0.04561649635434151,
      "trip_avg_speed": 0.021623220294713974,
      "idle_ratio_30": 0.020790819078683853,
      "is_regen": 0.017619401216506958,
      "temp_roll_mean_10": 0.015593602322041988,
      "engine_load": 0.01558415126055479
    },
    "classifier_top10": {
      "high_load_ratio_30": 0.7765439748764038,
      "exhaust_temp_pre": 0.08504035323858261,
      "high_load": 0.07951806485652924,
      "is_regen": 0.029267754405736923,
      "temp_roll_mean_60": 0.010400023311376572,
      "temp_roll_mean_10": 0.005614266265183687,
      "engine_load": 0.004687777254730463,
      "idle_ratio_30": 0.0020326676312834024,
      "trip_avg_speed": 0.0017708527157083154,
      "exhaust_temp_post": 0.0017148680053651333
    }
  }
}